recipe_name,product_name,grams
Albondigas de calabaza y queso,Aceite de Oliva,20.00
Albondigas de calabaza y queso,Calabaza,250.00
Albondigas de calabaza y queso,Queso cascaval,100.00
Albondigas de calabaza y queso,Queso curado,25.00
Albondigas de calabaza y queso,Levadura nutricional,15.00
Albondigas de calabaza y queso,Huevo,50.00
Albondigas de calabaza y queso,Perejil,20.00
Albondigas de calabaza y queso,Barra pan,30.00
Albondigas de espinaca,Espinaca,300.00
Albondigas de espinaca,Garbanzos,160.00
Albondigas de espinaca,Menta,20.00
Albondigas de espinaca,Ajo,20.00
Albondigas de espinaca,Lino,30.00
Albondigas de espinaca,Tomate,100.00
Albondigas de espinaca,Pepino,200.00
Albondigas de espinaca,Levadura nutricional,50.00
Alcachofa hervida,Aceite de Oliva,25.00
Alcachofa hervida,Alcachofa,600.00
Aloo Jeera,Aceite de Oliva,40.00
Aloo Jeera,Jengibre,40.00
Aloo Jeera,Cilantro,20.00
Aloo Jeera,Patata ,1000.00
Arepa,Harina Pan,130.00
Arepa,Aceite de Oliva,30.00
Arepa,Aguacate,200.00
Arepa,Seta laminada,400.00
Arepa,Mayonesa vegana,20.00
Arepa,Branza slaba de vaci,100.00
Baked oats con arandanos,Avena,260.00
Baked oats con arandanos,Crema de cacahuete,50.00
Baked oats con arandanos,Banana,300.00
Baked oats con arandanos,Leche de nuez,420.00
Baked oats con arandanos,Arandanos,200.00
Baked oats con arandanos,Sirope de agave,30.00
Baked oats con arandanos,Yogur,150.00
Bizcocho de calabacin,Calabacin,350.00
Bizcocho de calabacin,Aceite de coco,60.00
Bizcocho de calabacin,Sirope de agave,15.00
Bizcocho de calabacin,Huevo,150.00
Bizcocho de calabacin,Azucar,30.00
Bizcocho de calabacin,Cacao,40.00
Bizcocho de calabacin,Chips de chocolate,100.00
Bizcocho de calabacin,Harina de trigo,150.00
Bizcocho de calabacin,Nueces,50.00
Bizcocho de datiles,Datil,200.00
Bizcocho de datiles,Huevo,100.00
Bizcocho de datiles,Aceite de Oliva,30.00
Bizcocho de datiles,Avena,120.00
Bizcocho de datiles,Nueces,35.00
Bizcocho de datiles,Levadura Royal,7.00
Bizcocho de limon,Aceite de Oliva,70.00
Bizcocho de limon,Yogur,125.00
Bizcocho de limon,Azucar,30.00
Bizcocho de limon,Huevo,150.00
Bizcocho de limon,Harina de trigo,180.00
Bizcocho de limon,Limon,50.00
Bizcocho de limon,Sirope de agave,50.00
Brocoli al horno,Aceite de Oliva,20.00
Brocoli al horno,Brocoli,550.00
Brocoli and patata sheet,Brocoli,300.00
Brocoli and patata sheet,Patata ,500.00
Brocoli and patata sheet,Aceite de Oliva,30.00
Brocoli and patata sheet,Tofu,200.00
Brocoli and patata sheet,Pipas de calabaza,20.00
Brownie del mix,Brownie mix,400.00
Brownie del mix,Mantequilla,120.00
Brownie del mix,Leche de nuez,200.00
Burrito almuerzo,Pan pita mediano,50.00
Burrito almuerzo,Aceite de Oliva,5.00
Burrito almuerzo,Lechuga,30.00
Burrito almuerzo,Tomate,50.00
Burrito almuerzo,Pepino,50.00
Burrito almuerzo,Branza slaba de vaci,50.00
Calabacin con queso,Calabacin,400.00
Calabacin con queso,Queso curado,100.00
Calabacin con queso,Tomate,200.00
Calabacin relleno de lenteja,Calabacin,800.00
Calabacin relleno de lenteja,Aceite de Oliva,20.00
Calabacin relleno de lenteja,Levadura nutricional,40.00
Calabacin relleno de lenteja,Tomate Frito,60.00
Calabacin relleno de lenteja,Queso azul,100.00
Calabacin relleno de lenteja,Lenteja,100.00
Calabacin relleno de soja,Calabacin,800.00
Calabacin relleno de soja,Aceite de Oliva,20.00
Calabacin relleno de soja,Levadura nutricional,40.00
Calabacin relleno de soja,Tomate Frito,60.00
Calabacin relleno de soja,Queso azul,100.00
Calabacin relleno de soja,Soja Texturizada,70.00
"Carpaccio de remolacha, zanahoria y branza",Remolacha,400.00
"Carpaccio de remolacha, zanahoria y branza",Zanahoria,200.00
"Carpaccio de remolacha, zanahoria y branza",Nueces,10.00
"Carpaccio de remolacha, zanahoria y branza",Branza slaba de vaci,200.00
Champiñones al horno,Champiñones,750.00
Champiñones al horno,Telemea de oveja,200.00
Chirivia al horno,Chirivia,500.00
Chirivia al horno,Aceite de Oliva,20.00
Chirivia al horno,Ajo,20.00
Chirivia al horno,Sirope de agave,20.00
Chorizo de calabaza vegano,Aceite de Oliva,5.00
Chorizo de calabaza vegano,Calabaza,200.00
Chorizo de calabaza vegano,Ajo,10.00
Chorizo vegano 1|4 (living like a Panda),Tomate seco,65.00
Chorizo vegano 1|4 (living like a Panda),Almendra,25.00
Chorizo vegano 1|4 (living like a Panda),Avena,20.00
Chorizo vegano 1|4 (living like a Panda),Aceite de Oliva,10.00
Coliflor al horno con ensalada,Aceite de Oliva,30.00
Coliflor al horno con ensalada,Coliflor,400.00
Coliflor al horno con ensalada,Lechuga,200.00
Coliflor al horno con ensalada,Tomate,100.00
Coliflor al horno con ensalada,Edamame,100.00
Coliflor estilo pollo,Coliflor,1000.00
Coliflor estilo pollo,Leche de nuez,250.00
Coliflor estilo pollo,Harina de maiz,15.00
Coliflor estilo pollo,Harina de trigo,80.00
Coliflor estilo pollo,Azucar,5.00
Cous - Cous,Cous - Cous,100.00
Cous - Cous,Caldo vegetal,400.00
Cous - Cous,Calabaza,200.00
Cous - Cous,Calabacin,200.00
Cous - Cous,Aceite de Oliva,20.00
Cous - Cous,Pipas de calabaza,30.00
Croisant de masa,Masa de croisant,340.00
Croisant de masa,Chocolate con leche,100.00
Croquestas de coliflor,Coliflor,500.00
Croquestas de coliflor,Calabaza,250.00
Croquestas de coliflor,Perejil,30.00
Croquestas de coliflor,Huevo,50.00
Croquestas de coliflor,Barra pan,80.00
Croquestas de coliflor,Queso cascaval,50.00
Curry de espinaca,Aceite de coco,40.00
Curry de espinaca,Ajo,30.00
Curry de espinaca,Chiles,40.00
Curry de espinaca,Coliflor,600.00
Curry de espinaca,Cilantro,30.00
Curry de espinaca,Espinaca,350.00
Curry de espinaca,Jengibre,15.00
Curry de espinaca,Leche de coco,400.00
Curry de espinaca,Limon,80.00
Curry de espinaca,Tomate,240.00
Curry de espinaca,Tomate Frito,50.00
Curry de espinaca,Garbanzos,200.00
"Curry de mungo, guisantes, batata y espinaca",Aceite de coco,40.00
"Curry de mungo, guisantes, batata y espinaca",Ajo,40.00
"Curry de mungo, guisantes, batata y espinaca",Jengibre,40.00
"Curry de mungo, guisantes, batata y espinaca",Chiles,20.00
"Curry de mungo, guisantes, batata y espinaca",Tomate Frito,40.00
"Curry de mungo, guisantes, batata y espinaca",Calabacin,600.00
"Curry de mungo, guisantes, batata y espinaca",Batata,500.00
"Curry de mungo, guisantes, batata y espinaca",Espinaca,300.00
"Curry de mungo, guisantes, batata y espinaca",Leche de coco,400.00
"Curry de mungo, guisantes, batata y espinaca",Mungo,166.00
"Curry de mungo, guisantes, batata y espinaca",Guisante seco,105.00
"Curry de mungo, guisantes, batata y espinaca",Yogur,400.00
"Curry de mungo, guisantes, batata y espinaca",Arroz Basmati,400.00
Cuscus con coliflor,Coliflor,500.00
Cuscus con coliflor,Aceite de Oliva,20.00
Cuscus con coliflor,Ajo,10.00
Cuscus con coliflor,Cuscus perlado,100.00
Cuscus con coliflor,Garbanzos,50.00
Cuscus con coliflor,Caldo vegetal,400.00
Cuscus con coliflor,Yogur,125.00
Cuscus con coliflor,Limon,10.00
Cuscus con coliflor,Perejil,20.00
Empanadillas de espinaca,Aceite de Oliva,40.00
Empanadillas de espinaca,Harina de trigo,140.00
Empanadillas de espinaca,Espinaca,400.00
Empanadillas de espinaca,Nueces,25.00
Empanadillas de espinaca,Queso azul,80.00
Endivias con queso azul,Endivias,400.00
Endivias con queso azul,Manzana,200.00
Endivias con queso azul,Queso azul,50.00
Endivias con queso azul,Nueces,30.00
Ensalada de Sarraceno,Sarraceno,90.00
Ensalada de Sarraceno,Caldo vegetal,200.00
Ensalada de Sarraceno,Aceite de Oliva,20.00
Ensalada de Sarraceno,Remolacha,300.00
Ensalada de Sarraceno,Naranja,200.00
Ensalada de Sarraceno,Castaña,100.00
Ensalada de Sarraceno,Col,100.00
Ensalada de Sarraceno,Lechuga,200.00
Ensalada de Sarraceno,Limon,30.00
Ensalada de Sarraceno,Sirope de agave,10.00
Ensalada de Sarraceno,Lenteja,50.00
Ensalada de col,Col,200.00
Ensalada de col,Zanahoria,200.00
"Ensalada de col, rabano, zanahoria y queso",Col,300.00
"Ensalada de col, rabano, zanahoria y queso",Rabano blanco,300.00
"Ensalada de col, rabano, zanahoria y queso",Zanahoria,300.00
"Ensalada de col, rabano, zanahoria y queso",Queso cascaval,100.00
Ensalada de lombarda,Mayonesa vegana,80.00
Ensalada de lombarda,Col,200.00
Ensalada de lombarda,Zanahoria,100.00
Ensalada de lombarda,Guisante en lata,200.00
Ensalada de remolacha,Remolacha,200.00
Ensalada de remolacha,Zanahoria,200.00
Ensalada de remolacha,Manzana,200.00
Ensalada de remolacha,Nueces,20.00
Ensalada de remolacha,Limon,10.00
Ensalada de remolacha,Branza slaba de vaci,200.00
Esparragos al wok,Aceite de Oliva,20.00
Esparragos al wok,Esparrago,400.00
Espinacas con queso azul,Aceite de Oliva,20.00
Espinacas con queso azul,Espinaca,600.00
Espinacas con queso azul,Queso azul,70.00
Espinacas con queso azul,Nueces,20.00
Falafel con comino,Garbanzos,160.00
Falafel con comino,Perejil,50.00
Falafel con comino,Cilantro,50.00
Falafel con comino,Ajo,20.00
Falafel con comino,Aceite de Oliva,20.00
Falafel con comino,Limon,20.00
Falafel con comino,Avena,40.00
Falafel con comino,Lechuga,400.00
Falafel con comino,Tomate,200.00
Falafel con comino,Pepino,200.00
Falafel con comino,Cebolla,50.00
Falafel con comino,Tahini,30.00
Falafel mix con pan de pita,Harina de trigo,100.00
Falafel mix con pan de pita,Aceite de Oliva,15.00
Falafel mix con pan de pita,Falafel mix Kaufland,175.00
Falafel mix con pan de pita,Rucula,60.00
Falafel mix con pan de pita,Tomate,150.00
Falafel mix con pan de pita,Pepino,50.00
Falafel mix con pan de pita,Maiz en conserva,50.00
Fideos de arroz con curry,Aceite de coco,30.00
Fideos de arroz con curry,Anacardos,30.00
Fideos de arroz con curry,Col,300.00
Fideos de arroz con curry,Champiñones,300.00
Fideos de arroz con curry,Fideos de arroz,140.00
Fideos de arroz con curry,Pasta curry,70.00
Fideos de arroz con curry,Zanahoria,200.00
Gachas de avena,Avena,50.00
Gachas de avena,Chia,15.00
Gachas de avena,Lino,15.00
Gachas de avena,Fresa,300.00
Gachas de avena,Manzana,300.00
Gachas de avena,Pipas de calabaza,40.00
Galet bretona ,Aceite de Oliva,40.00
Galet bretona ,Harina de sarraceno,250.00
Galet bretona ,Huevo,50.00
Galet bretona ,Mozarella,150.00
Galet bretona ,Queso azul,50.00
Galet bretona ,Champiñones,250.00
Galet bretona ,Ajo,10.00
Galet bretona ,Perejil,10.00
Galeta de persimon,Harina de espelta,180.00
Galeta de persimon,Aceite de Oliva,60.00
Galeta de persimon,Sirope de agave,20.00
Galeta de persimon,Persimon,300.00
Galeta de persimon,Limon,50.00
Galeta de persimon,Harina de maiz,15.00
Galeta de persimon,Nueces,20.00
Galeta de persimon,Branza slaba de vaci,200.00
Galeta de persimon,Azucar,20.00
Galeta de persimon,Agua,60.00
Galeta de persimon,Canela,5.00
Galletas de algarroba y avellanas,Huevo,50.00
Galletas de algarroba y avellanas,Harina de espelta,125.00
Galletas de algarroba y avellanas,Algarroba,50.00
Galletas de algarroba y avellanas,Sirope de agave,15.00
Galletas de algarroba y avellanas,Azucar,15.00
Galletas de algarroba y avellanas,Mantequilla,50.00
Galletas de algarroba y avellanas,Avellanas,50.00
Galletas de algarroba y nueces,Harina de trigo,80.00
Galletas de algarroba y nueces,Algarroba,70.00
Galletas de algarroba y nueces,Aceite de Oliva,20.00
Galletas de algarroba y nueces,Sirope de agave,20.00
Galletas de algarroba y nueces,Huevo,50.00
Galletas de algarroba y nueces,Almendra,40.00
Galletas de algarroba y nueces,Azucar,10.00
Galletas de zanahoria,Zanahoria,180.00
Galletas de zanahoria,Huevo,50.00
Galletas de zanahoria,Avena,70.00
Galletas de zanahoria,Almendra,20.00
Galletas de zanahoria,Levadura Royal,10.00
Galletas de zanahoria,Harina de espelta,30.00
Galletas de zanahoria,Sirope de agave,15.00
Galletas de zanahoria,Nueces,50.00
Galletas del mix,Mantequilla,120.00
Galletas del mix,Huevo,50.00
Galletas del mix,Mix Galletas,450.00
Gofre de falafel,Aceite de Oliva,20.00
Gofre de falafel,Ajo,10.00
Gofre de falafel,Garbanzos,100.00
Gofre de falafel,Harina de garbanzos,20.00
Gofre de falafel,Cilantro,20.00
Gofre de falafel,Perejil,20.00
Gofre de falafel,Limon,40.00
Gofre de falafel,Kefir,125.00
Gofre de falafel,Lechuga,200.00
Gofre de falafel,Tomate,200.00
Gofres,Aceite de Oliva,10.00
Gofres,Levadura Royal,7.00
Gofres,Lino,15.00
Gofres,Harina de trigo,100.00
Gofres,Pure de Manzana,120.00
Gofres,Almendra,25.00
Gofres,Huevo,50.00
Gofres,Leche de nuez,200.00
Gofres de espinaca,Espinaca,60.00
Gofres de espinaca,Mozzarella dura,40.00
Gofres de espinaca,Branza slaba de vaci,130.00
Gofres de espinaca,Huevo,100.00
Gofres de espinaca,Mantequilla,20.00
Gofres de espinaca,Harina de espelta,70.00
Golubtsi,Aceite de Oliva,20.00
Golubtsi,Caldo vegetal,200.00
Golubtsi,Col,400.00
Golubtsi,Soja Texturizada,100.00
Golubtsi,Shitake,300.00
Golubtsi,Sarraceno,75.00
Golubtsi,Cilantro,50.00
Golubtsi,Perejil,50.00
Granizado,Uva,150.00
Granizado,Limon,50.00
Halloumi con lechga,Halloumi,200.00
Halloumi con lechga,Aceite de Oliva,20.00
Halloumi con lechga,Lechuga,200.00
Hambuerguesa de garbanzos y queso,Garbanzos,400.00
Hambuerguesa de garbanzos y queso,Ajo,15.00
Hambuerguesa de garbanzos y queso,Avena,50.00
Hambuerguesa de garbanzos y queso,Tahini,30.00
Hambuerguesa de garbanzos y queso,Perejil,20.00
Hambuerguesa de garbanzos y queso,Queso azul,100.00
Hambuerguesa de garbanzos y queso,Sesamo,20.00
Hambuerguesa de garbanzos y queso,Aceite de Oliva,40.00
Hamburguesa de garbanzos y espinaca,Garbanzos,150.00
Hamburguesa de garbanzos y espinaca,Queso azul,50.00
Hamburguesa de garbanzos y espinaca,Queso cascaval,50.00
Hamburguesa de garbanzos y espinaca,Espinaca,150.00
Hamburguesa de garbanzos y espinaca,Harina de garbanzos,20.00
Hamburguesa de garbanzos y espinaca,Aceite de Oliva,20.00
Hamburguesa de garbanzos y espinaca,Laurel,5.00
Hamburguesa de garbanzos y espinaca,Ajo,5.00
Hamburguesa de garbanzos y espinaca,Curry en polvo,5.00
Hamburguesa de legumbres,Aceite de Oliva,20.00
Hamburguesa de legumbres,Alubias,120.00
Hamburguesa de legumbres,Garbanzos,120.00
Hamburguesa de legumbres,Lenteja,120.00
Hamburguesa de legumbres,Champiñones,150.00
Hamburguesa de legumbres,Avena,100.00
Hamburguesa de legumbres,Levadura nutricional,30.00
Hamburguesa de legumbres,Tapioca,30.00
Hamburguesas del preparado,Aceite de Oliva,20.00
Hamburguesas del preparado,Preparado hamburguesas Kaufland,75.00
Hummus,Aceite de Oliva,15.00
Hummus,Ajo,10.00
Hummus,Garbanzos,100.00
Hummus,Tahini,40.00
Hummus,Limon,20.00
Kefir con fruta y nueces,Kefir,500.00
Kefir con fruta y nueces,Fresa,750.00
Kefir con fruta y nueces,Almendra,75.00
Kofta de bulgur y lentejas,Lenteja,100.00
Kofta de bulgur y lentejas,Bulgur,170.00
Kofta de bulgur y lentejas,Ajo,10.00
Kofta de bulgur y lentejas,Perejil,30.00
Kofta de bulgur y lentejas,Aceite de Oliva,30.00
Kofta de bulgur y lentejas,Pasta curry,40.00
Kofta de bulgur y lentejas,Tomate Frito,30.00
Kofta de bulgur y lentejas,Limon,20.00
Kofta de bulgur y lentejas,Lechuga,200.00
Koftas de alubias y nueces,Aceite de Oliva,30.00
Koftas de alubias y nueces,Nueces,120.00
Koftas de alubias y nueces,Alubias,200.00
Koftas de alubias y nueces,Avena,81.00
Koftas de alubias y nueces,Perejil,40.00
Koftas de alubias y nueces,Champiñones,200.00
Koftas de alubias y nueces,Chia,28.00
Koftas de alubias y nueces,Lino,30.00
Kulesha con brinza,Brinza UA,200.00
Kulesha con brinza,Harina de maiz,250.00
Lasaña,Alubias,200.00
Lasaña,Levadura nutricional,50.00
Lasaña,Placas lasaña,160.00
Lasaña,Tomate Frito,200.00
Lasaña,Quinoa,100.00
Lasaña,Champiñones,300.00
Lasaña,Queso cascaval,400.00
Lasaña con soja texturizada,Aceite de Oliva,40.00
Lasaña con soja texturizada,Soja Texturizada,200.00
Lasaña con soja texturizada,Champiñones,300.00
Lasaña con soja texturizada,Levadura nutricional,50.00
Lasaña con soja texturizada,Tomate Frito,120.00
Lasaña con soja texturizada,Queso raclette,500.00
Lasaña con soja texturizada,Placas lasaña,160.00
Lechuga aliñada,Lechuga,300.00
Lechuga aliñada,Aceite de Oliva,20.00
Lechuga aliñada,Limon,20.00
Migas con chorizo vegano (living like a Panda),Barra pan,150.00
Migas con chorizo vegano (living like a Panda),Tomate seco,65.00
Migas con chorizo vegano (living like a Panda),Almendra,25.00
Migas con chorizo vegano (living like a Panda),Avena,20.00
Migas con chorizo vegano (living like a Panda),Aceite de Oliva,10.00
Milanesa vegana con setas,Aceite de Oliva,20.00
Milanesa vegana con setas,Lino,45.00
Milanesa vegana con setas,Harina de garbanzos,60.00
Milanesa vegana con setas,Seta laminada,300.00
Milanesa vegana con setas,Pipas de girasol,150.00
Milanesa vegana con setas,Sesamo,75.00
Milanesa vegana con setas,Pan rallado,50.00
Mungo con queso,Aceite de Oliva,15.00
Mungo con queso,Mungo,50.00
Mungo con queso,Queso raclette,75.00
Pak choi con salsa de miso,Aceite de coco,10.00
Pak choi con salsa de miso,Pak choi,300.00
Pak choi con salsa de miso,Miso,30.00
Pak choi con salsa de miso,Limon,30.00
Pak choi con salsa de miso,Sirope de agave,10.00
Pak choi con salsa de miso,Soja Texturizada,50.00
Pan Elias,Harina de trigo,75.00
Pan PIzza,Barra pan,100.00
Pan PIzza,Tomate Frito,50.00
Pan PIzza,Queso curado,80.00
Pan PIzza,Queso azul,40.00
Pan con queso,Barra pan,200.00
Pan con queso,Queso azul,200.00
Patata con salsa de Queso,Patata ,650.00
Patata con salsa de Queso,Aceite de Oliva,20.00
Patata con salsa de Queso,Leche de nuez,100.00
Patata con salsa de Queso,Amidon de tapioca,20.00
Patata con salsa de Queso,Champiñones,150.00
Patata con salsa de Queso,Queso azul,70.00
Patata con salsa de queso y veicon,Aceite de Oliva,30.00
Patata con salsa de queso y veicon,Patata ,1000.00
Patata con salsa de queso y veicon,Queso azul,100.00
Patata con salsa de queso y veicon,Leche de nuez,100.00
Patata con salsa de queso y veicon,Pechuga verdino,100.00
Patata con salsa de queso y veicon,Garden gourmet hamburguesa,130.00
"Patata rellena de queso azul y ·""pechuga""",Patata ,800.00
"Patata rellena de queso azul y ·""pechuga""",Queso azul,100.00
"Patata rellena de queso azul y ·""pechuga""",Pechuga verdino,200.00
Pate de aceitunas con tostas,Aceite de Oliva,60.00
Pate de aceitunas con tostas,Aceitunas negras,150.00
Pate de aceitunas con tostas,Pan redondo chapata,90.00
Pita con falafel,Barra pan,320.00
Pita con falafel,Lechuga,100.00
Pita con falafel,Tomate,100.00
Pita con falafel,Pepino,100.00
Pita con falafel,Perejil,20.00
Pita con falafel,Falafel ,200.00
Pizza,Aceite de Oliva,6.00
Pizza,Harina de trigo,192.00
Pizza,Pan rallado,20.00
Pizza,Tomate Frito,60.00
Pizza,Queso azul,60.00
Pizza,Queso camembert,100.00
Pizza de lenteja,Aceite de Oliva,40.00
Pizza de lenteja,Lenteja,100.00
Pizza de lenteja,Tomate Frito,80.00
Pizza de lenteja,Queso camembert,150.00
Quinoa pesto bake,Caldo vegetal,200.00
Quinoa pesto bake,Quinoa,80.00
Quinoa pesto bake,Garbanzos,50.00
Quinoa pesto bake,Tomate deshidratado en aceite,60.00
Quinoa pesto bake,Tomate,100.00
Quinoa pesto bake,Pesto,50.00
Quinoa pesto bake,Espinaca,100.00
Quinoa pesto bake,Mozzarella dura,50.00
Quinoa pesto bake,Limon,30.00
Roasted Veggi Glow,Aceite de Oliva,30.00
Roasted Veggi Glow,Coliflor,350.00
Roasted Veggi Glow,Quinoa,90.00
Roasted Veggi Glow,Caldo vegetal,200.00
Roasted Veggi Glow,Col,100.00
Roasted Veggi Glow,Lechuga,200.00
Roasted Veggi Glow,Pipas de calabaza,30.00
Roasted Veggi Glow,Perejil,30.00
Roasted Veggi Glow,Tahini,30.00
Roasted Veggi Glow,Sirope de agave,10.00
Roasted Veggi Glow,Garbanzos,50.00
Rollitios de tofu,Aceite de Oliva,30.00
Rollitios de tofu,Ajo,40.00
Rollitios de tofu,Jengibre,40.00
Rollitios de tofu,Tofu,200.00
Rollitios de tofu,Zanahoria,300.00
Rollitios de tofu,Col,300.00
Rollitios de tofu,Oleas de arroz,120.00
Rollitos de primavera con coliflor,Aceite de coco,40.00
Rollitos de primavera con coliflor,Soja Texturizada,80.00
Rollitos de primavera con coliflor,Coliflor,400.00
Rollitos de primavera con coliflor,Shitake,350.00
Rollitos de primavera con coliflor,Zanahoria,100.00
Rollitos de primavera con coliflor,Masa rollitos vietnamitas,140.00
Rollitos de primavera con coliflor,Col,100.00
Rollitos de primavera de seitan y brotes,Aceite de Oliva,40.00
Rollitos de primavera de seitan y brotes,Gluten,90.00
Rollitos de primavera de seitan y brotes,Caldo vegetal,200.00
Rollitos de primavera de seitan y brotes,Col,200.00
Rollitos de primavera de seitan y brotes,Zanahoria,200.00
Rollitos de primavera de seitan y brotes,Brotes de soja,200.00
Rollitos de primavera de seitan y brotes,Masa rollitos vietnamitas,140.00
Rollitos vietnamitas,Aceite de coco,10.00
Rollitos vietnamitas,Champiñones,120.00
Rollitos vietnamitas,Col,70.00
Rollitos vietnamitas,Zanahoria,70.00
Rollitos vietnamitas,Fideos de arroz,50.00
Rollitos vietnamitas,Pasta curry,10.00
Rollitos vietnamitas,Masa rollitos vietnamitas,91.00
Romanescu al horno,Aceite de Oliva,30.00
Romanescu al horno,Romanescu,600.00
Romanescu al horno,Limon,10.00
Sandwich de sushi,Aceite de Oliva,20.00
Sandwich de sushi,Alga nori,20.00
Sandwich de sushi,Zanahoria,150.00
Sandwich de sushi,Lechuga,50.00
Sandwich de sushi,Aguacate,150.00
Sandwich de sushi,Vuna,180.00
Sandwich de sushi,Arroz Basmati,100.00
"Sarraceno con Heura, lechuga y tomate",Sarraceno,50.00
"Sarraceno con Heura, lechuga y tomate",Heura bocados,80.00
"Sarraceno con Heura, lechuga y tomate",Tomate,100.00
"Sarraceno con Heura, lechuga y tomate",Lechuga,100.00
Sarraceno con champiñones,Aceite de Oliva,20.00
Sarraceno con champiñones,Sarraceno,100.00
Sarraceno con champiñones,Champiñones,300.00
Sarraceno con champiñones,Sesamo,10.00
"Sarraceno, champis y soja",Aceite de Oliva,20.00
"Sarraceno, champis y soja",Champiñones,250.00
"Sarraceno, champis y soja",Soja Texturizada,100.00
"Sarraceno, champis y soja",Sarraceno,100.00
Sarrano con castaña y shitake,Aceite de Oliva,15.00
Sarrano con castaña y shitake,Castaña,50.00
Sarrano con castaña y shitake,Shitake,150.00
Sarrano con castaña y shitake,Sarraceno,50.00
Seitan,Gluten,270.00
Seitan,Caldo vegetal,1000.00
Seitan,Aceite de Oliva,50.00
Seitan con lentejas y coliflor,Caldo vegetal,200.00
Seitan con lentejas y coliflor,Gluten,90.00
Seitan con lentejas y coliflor,Coliflor,400.00
Seitan con lentejas y coliflor,Shitake,400.00
Seitan con lentejas y coliflor,Lenteja,100.00
Seitan con sarraceno y brocoli,Seitan,500.00
Seitan con sarraceno y brocoli,Sarraceno,100.00
Seitan con sarraceno y brocoli,Brocoli,400.00
Sirni rogaliki,Branza slaba de vaci,300.00
Sirni rogaliki,Azucar,30.00
Sirni rogaliki,Harina de trigo,250.00
Sirni rogaliki,Mantequilla,100.00
Sirni rogaliki,Levadura Royal,5.00
Sirni rogaliki,Almendra,20.00
Sirni rogaliki,Chocolate con leche,30.00
Smashed falafel,Aceite de Oliva,30.00
Smashed falafel,Garbanzos,100.00
Smashed falafel,Ajo,20.00
Smashed falafel,Perejil,500.00
Smashed falafel,Cilantro,50.00
Smashed falafel,Harina de trigo,30.00
Smashed falafel,Tomate,100.00
Smashed falafel,Pepino,100.00
Smashed falafel,Lechuga,100.00
Smashed falafel,Pan pita mediano,200.00
Soja texturizada con salsa de miso,Aceite de Oliva,10.00
Soja texturizada con salsa de miso,Soja Texturizada,75.00
Soja texturizada con salsa de miso,Limon,10.00
Soja texturizada con salsa de miso,Miso,20.00
Sushi vegano,Alga nori,30.00
Sushi vegano,Arroz Basmati,200.00
Sushi vegano,Aguacate,150.00
Sushi vegano,Vuna,180.00
Sushi vegano,Zanahoria,200.00
Sushi vegano,Pepino,200.00
Sushi vegano,Mango,200.00
Taco con tortita,Harina de maiz,100.00
Taco con tortita,Harina de trigo,100.00
Taco con tortita,Remolacha,200.00
Taco con tortita,Seitan,250.00
Taco con tortita,Tomate,150.00
Taco con tortita,Lechuga,100.00
Taco con tortita,Perejil,10.00
Taco con tortita,Cebolla,50.00
Taco de alubias y soja,Lechuga,150.00
Taco de alubias y soja,Alubias,100.00
Taco de alubias y soja,Aceite de Oliva,20.00
Taco de alubias y soja,Soja Texturizada,100.00
Taco de alubias y soja,Perejil,20.00
Taco de alubias y soja,Cebolla,50.00
Taco de alubias y soja,Limon,20.00
Taco de alubias y soja,Aguacate,150.00
Taco de lechuga y Heura,Aceite de Oliva,10.00
Taco de lechuga y Heura,Heura bocados,80.00
Taco de lechuga y Heura,Aguacate,150.00
Taco de lechuga y Heura,Cebolla,10.00
Taco de lechuga y Heura,Perejil,10.00
Taco de lechuga y Heura,Tomate,100.00
Taco de lechuga y Heura,Lechuga,74.00
Taco de lechuga y seitan,Seitan,250.00
Taco de lechuga y seitan,Aceite de Oliva,10.00
Taco de lechuga y seitan,Lechuga,200.00
Taco de lechuga y seitan,Tomate,200.00
Taco de lechuga y seitan,Cebolla,20.00
Taco de lechuga y seitan,Perejil,20.00
Taco de soja texturizada,Caldo vegetal,200.00
Taco de soja texturizada,Soja Texturizada,75.00
Taco de soja texturizada,Tomate Frito,40.00
Taco de soja texturizada,Lechuga,100.00
Tacos al seitan,Gluten,45.00
Tacos al seitan,Aceite de Oliva,15.00
Tacos al seitan,Caldo vegetal,400.00
Tacos al seitan,Tortilla de maiz azul,250.00
Tacos al seitan,Aguacate,300.00
Tacos al seitan,Tomate,300.00
Tacos al seitan,Perejil,50.00
Tacos al seitan,Limon,25.00
Tallarines con pesto y champiñones,Aceite de Oliva,20.00
Tallarines con pesto y champiñones,Champiñones,300.00
Tallarines con pesto y champiñones,Pesto,100.00
Tallarines con pesto y champiñones,Tallarines de trigo,150.00
Tarta de algarroba y pera,Pera,500.00
Tarta de algarroba y pera,Huevo,100.00
Tarta de algarroba y pera,Azucar,50.00
Tarta de algarroba y pera,Aceite de coco,15.00
Tarta de algarroba y pera,Leche de nuez,120.00
Tarta de algarroba y pera,Avena,60.00
Tarta de algarroba y pera,Levadura Royal,5.00
Tarta de algarroba y pera,Canela,5.00
Tarta de algarroba y pera,Limon,20.00
Tarta de algarroba y pera,Almendra,20.00
Tarta de algarroba y pera,Algarroba,30.00
Tarta de algarroba y pera,Branza slaba de vaci,200.00
"Tarta de avena, frambuesa y queso",Avena,120.00
"Tarta de avena, frambuesa y queso",Almendra,50.00
"Tarta de avena, frambuesa y queso",Sirope de agave,50.00
"Tarta de avena, frambuesa y queso",Azucar,10.00
"Tarta de avena, frambuesa y queso",Limon,40.00
"Tarta de avena, frambuesa y queso",Branza slaba de vaci,300.00
"Tarta de avena, frambuesa y queso",Frambuesa,200.00
"Tarta de avena, frambuesa y queso",Chia,25.00
"Tarta de avena, frambuesa y queso",Leche de nuez,50.00
Tarta de manzana,Manzana,600.00
Tarta de manzana,Huevo,100.00
Tarta de manzana,Azucar,50.00
Tarta de manzana,Aceite de coco,30.00
Tarta de manzana,Leche de nuez,90.00
Tarta de manzana,Avena,80.00
Tarta de manzana,Levadura Royal,5.00
Tarta de manzana,Canela,5.00
Tarta de manzana,Limon,20.00
Tarta de manzana,Branza slaba de vaci,200.00
Tarta de queso,Branza slaba de vaci,350.00
Tarta de queso,Huevo,100.00
Tarta de queso,Yogur,220.00
Tarta de queso,Harina de maiz,30.00
Tarta de queso,Sirope de agave,30.00
Tarta de queso,Frambuesa,150.00
Tarta de queso,Almendra,20.00
Tarta de queso,Chia,30.00
Tarta de queso y frambuesa,Branza slaba de vaci,400.00
Tarta de queso y frambuesa,Huevo,200.00
Tarta de queso y frambuesa,Harina de espelta,100.00
Tarta de queso y frambuesa,Yogur,250.00
Tarta de queso y frambuesa,Mantequilla,100.00
Tarta de queso y frambuesa,Almendra,100.00
Tarta de queso y frambuesa,Sirope de agave,50.00
Tarta de queso y frambuesa,Avena,30.00
Tarta de queso y frambuesa,Frambuesa,200.00
Tarta de queso y frambuesa,Chia,25.00
Tartaletas de queso al horno,Branza slaba de vaci,400.00
Tartaletas de queso al horno,Huevo,100.00
Tartaletas de queso al horno,Harina de maiz,50.00
Tartaletas de queso al horno,Levadura Royal,10.00
Tartaletas de queso al horno,Telemea de oveja,150.00
Tartaletas de queso al horno,Queso curado,80.00
Tartaletas de queso al horno,Tomate deshidratado en aceite,40.00
Terchiniki,Patata ,1500.00
Terchiniki,Aceite de Oliva,40.00
Terchiniki,Lino,30.00
Terchiniki,Harina de trigo,80.00
Terchiniki,Levadura nutricional,30.00
Tofu con romanescu,Aceite de Oliva,20.00
Tofu con romanescu,Tofu,200.00
Tofu con romanescu,Romanescu,500.00
Tofu con zanahoria y col,Aceite de Oliva,15.00
Tofu con zanahoria y col,Ajo,20.00
Tofu con zanahoria y col,Jengibre,20.00
Tofu con zanahoria y col,Tofu,200.00
Tofu con zanahoria y col,Col,250.00
Tofu con zanahoria y col,Zanahoria,150.00
Tortilla de Calabacin,Aceite de Oliva,20.00
Tortilla de Calabacin,Calabacin,400.00
Tortilla de Calabacin,Harina de garbanzos,30.00
Tortilla de Calabacin,Queso curado,50.00
Tortita de patata,Aceite de Oliva,30.00
Tortita de patata,Patata ,1500.00
Tortita de patata,Harina de espelta,250.00
Tortita de patata,Queso cascaval,100.00
Tortita de patata,Perejil,40.00
Tortita de patata,Levadura nutricional,30.00
Tostada de aguacate,Barra pan,200.00
Tostada de aguacate,Aguacate,200.00
Tostada de aguacate,Aceite de Oliva,20.00
Tostada de aguacate,Bayas goji,25.00
Tostada de aguacate,Brotes de soja,20.00
Tostada de aguacate 2,Aceite de Oliva,10.00
Tostada de aguacate 2,Barra pan,120.00
Tostada de aguacate 2,Aguacate,160.00
Tostada de aguacate 2,Pipas de calabaza,15.00
Tostada de aguacate 2,Bayas goji,15.00
Tostada de aguacate 2,Branza slaba de vaci,100.00
Tostada de aguacate y jamón,Barra pan,100.00
Tostada de aguacate y jamón,Tomate,75.00
Tostada de aguacate y jamón,Aguacate,150.00
Tostada de aguacate y jamón,Aceite de Oliva,10.00
Tostada de aguacate y jamón,Jamón Iberico,35.00
Tostada de embutido y brotes,Pan redondo chapata,200.00
Tostada de embutido y brotes,Tomate,100.00
Tostada de embutido y brotes,Salami Aivia,70.00
Tostada de embutido y brotes,Bayas goji,20.00
Tostada de embutido y brotes,Aceite de Oliva,10.00
Tostada de embutido y brotes,Brotes de soja,60.00
Vareniki,Harina de trigo,300.00
Vareniki,Huevo,50.00
Vareniki,Patata ,600.00
Vareniki,Queso cascaval,100.00
Yuba al horno,Yuba nudos,75.00
Yuba al horno,Caldo vegetal,250.00
Yuba al horno,Aceite de Oliva,10.00
Yuba con verduras,Caldo vegetal,300.00
Yuba con verduras,Yuba nudos,75.00
Yuba con verduras,Aceite de Oliva,10.00
Yuba con verduras,Calabacin,300.00
